{
  "metadata": {
    "timestamp": "20251106_153243",
    "gpu": "NVIDIA A100 80GB PCIe",
    "pytorch_version": "2.6.0+cu118",
    "cuda_version": "11.8",
    "model": "Qwen/Qwen2.5-7B-Instruct",
    "prompt_tokens": 649,
    "layer_indices": [
      1,
      4,
      10,
      18,
      28
    ]
  },
  "baseline": {
    "timing": {
      "mean_ms": 76.0225503705442,
      "median_ms": 75.4784382879734,
      "std_ms": 1.4168079003121377,
      "all_times": [
        78.81636312231421,
        75.39773639291525,
        75.54533425718546,
        74.87487979233265,
        75.4784382879734
      ]
    },
    "gpu_utilization": {
      "mean": 40.86666666666667,
      "p95": 96.0,
      "max": 96.0
    },
    "summary": {
      "median_time_ms": 75.4784382879734,
      "gpu_util_p95": 96.0
    }
  },
  "conditions": {
    "light_concurrent": {
      "timing": {
        "mean_ms": 102.28958474472165,
        "median_ms": 89.73636711016297,
        "std_ms": 25.705026898571358,
        "all_times": [
          153.6947311833501,
          89.30993266403675,
          88.84799294173717,
          89.73636711016297,
          89.85889982432127
        ]
      },
      "gpu_utilization": {
        "mean": 74.38888888888889,
        "p95": 98.0,
        "max": 98.0
      }
    },
    "heavy_concurrent": {
      "timing": {
        "mean_ms": 95.60044901445508,
        "median_ms": 95.42549680918455,
        "std_ms": 1.0335930522937142,
        "all_times": [
          97.04329911619425,
          93.98528002202511,
          95.24489706382155,
          95.42549680918455,
          96.30327206104994
        ]
      },
      "gpu_utilization": {
        "mean": 98.0,
        "p95": 99.0,
        "max": 99.0
      }
    }
  },
  "fp_forensics": {
    "description": "Floating-point forensics - checking if concurrent work affects activations",
    "results": {
      "light_concurrent": {
        "all_layers_bit_exact": false,
        "layer_by_layer": {
          "layer_1": {
            "bit_exact": false,
            "l2": 7.873905181884766
          },
          "layer_4": {
            "bit_exact": false,
            "l2": 18.8705997467041
          },
          "layer_10": {
            "bit_exact": false,
            "l2": 61.811519622802734
          },
          "layer_18": {
            "bit_exact": false,
            "l2": 96.84461212158203
          },
          "layer_28": {
            "bit_exact": false,
            "l2": 653.5827026367188
          }
        }
      },
      "heavy_concurrent": {
        "all_layers_bit_exact": false,
        "layer_by_layer": {
          "layer_1": {
            "bit_exact": false,
            "l2": 9.840258598327637
          },
          "layer_4": {
            "bit_exact": false,
            "l2": 18.757080078125
          },
          "layer_10": {
            "bit_exact": false,
            "l2": 54.66815948486328
          },
          "layer_18": {
            "bit_exact": false,
            "l2": 82.13811492919922
          },
          "layer_28": {
            "bit_exact": false,
            "l2": 508.034423828125
          }
        }
      }
    }
  },
  "timing_forensics": {
    "description": "Timing forensics - checking if concurrent work slows down inference",
    "results": {
      "light_concurrent": {
        "median_time_ms": 89.73636711016297,
        "baseline_time_ms": 75.4784382879734,
        "slowdown_ms": 14.25792882218957,
        "slowdown_percent": 18.890068668076037,
        "statistically_significant": false,
        "gpu_utilization": {
          "mean": 74.38888888888889,
          "p95": 98.0,
          "max": 98.0
        }
      },
      "heavy_concurrent": {
        "median_time_ms": 95.42549680918455,
        "baseline_time_ms": 75.4784382879734,
        "slowdown_ms": 19.947058521211147,
        "slowdown_percent": 26.427492372201712,
        "statistically_significant": true,
        "gpu_utilization": {
          "mean": 98.0,
          "p95": 99.0,
          "max": 99.0
        }
      }
    }
  },
  "verdict": {
    "fp_forensics_detects_parallel_work": true,
    "timing_forensics_detects_parallel_work": true,
    "summary": "BOTH_FP_AND_TIMING_WORK",
    "interpretation": [
      "FP forensics detects parallel workloads",
      "Timing forensics confirms with measurable slowdown",
      "Dual verification provides robust detection",
      "FP alone is sufficient - provides strong signal",
      "No need for timing if FP verification is in place"
    ],
    "fp_signal_strength": {
      "light_max_l2": 653.5827026367188,
      "heavy_max_l2": 508.034423828125
    },
    "timing_impact": {
      "light_slowdown_pct": 18.890068668076037,
      "heavy_slowdown_pct": 26.427492372201712
    }
  }
}