{
  "metadata": {
    "timestamp": "20251106_153028",
    "gpu": "NVIDIA A100 80GB PCIe",
    "pytorch_version": "2.6.0+cu118",
    "cuda_version": "11.8",
    "model": "Qwen/Qwen2.5-7B-Instruct",
    "prompt_tokens": 649,
    "layer_indices": [
      1,
      4,
      10,
      18,
      28
    ]
  },
  "baseline": {
    "timing": {
      "mean_ms": 75.48980517312884,
      "median_ms": 75.4396547563374,
      "std_ms": 0.6548676798871127,
      "all_times": [
        75.4396547563374,
        75.6274489685893,
        76.64653100073338,
        74.79440793395042,
        74.9409832060337
      ]
    },
    "gpu_utilization": {
      "mean": 42.0,
      "p95": 79.79999999999997,
      "max": 98.0
    },
    "summary": {
      "median_time_ms": 75.4396547563374,
      "gpu_util_p95": 79.79999999999997
    }
  },
  "conditions": {
    "light_concurrent": {
      "timing": {
        "mean_ms": 89.25705701112747,
        "median_ms": 89.44471599534154,
        "std_ms": 0.5396656897942724,
        "all_times": [
          88.30840419977903,
          89.44471599534154,
          89.09912593662739,
          89.9087218567729,
          89.5243170671165
        ]
      },
      "gpu_utilization": {
        "mean": 84.66666666666667,
        "p95": 98.0,
        "max": 98.0
      }
    },
    "heavy_concurrent": {
      "timing": {
        "mean_ms": 98.35179336369038,
        "median_ms": 97.33588015660644,
        "std_ms": 2.0465635937130187,
        "all_times": [
          101.95343708619475,
          99.2050338536501,
          97.01760997995734,
          97.33588015660644,
          96.24700574204326
        ]
      },
      "gpu_utilization": {
        "mean": 97.14285714285714,
        "p95": 99.0,
        "max": 99.0
      }
    }
  },
  "fp_forensics": {
    "description": "Floating-point forensics - checking if concurrent work affects activations",
    "results": {
      "light_concurrent": {
        "all_layers_bit_exact": false,
        "layer_by_layer": {
          "layer_1": {
            "bit_exact": true,
            "l2": 0.0
          },
          "layer_4": {
            "bit_exact": false,
            "l2": 18.8705997467041
          },
          "layer_10": {
            "bit_exact": false,
            "l2": 61.811519622802734
          },
          "layer_18": {
            "bit_exact": false,
            "l2": 96.84461212158203
          },
          "layer_28": {
            "bit_exact": false,
            "l2": 653.5827026367188
          }
        }
      },
      "heavy_concurrent": {
        "all_layers_bit_exact": false,
        "layer_by_layer": {
          "layer_1": {
            "bit_exact": true,
            "l2": 0.0
          },
          "layer_4": {
            "bit_exact": false,
            "l2": 18.757080078125
          },
          "layer_10": {
            "bit_exact": false,
            "l2": 54.66815948486328
          },
          "layer_18": {
            "bit_exact": false,
            "l2": 82.13811492919922
          },
          "layer_28": {
            "bit_exact": false,
            "l2": 508.034423828125
          }
        }
      }
    }
  },
  "timing_forensics": {
    "description": "Timing forensics - checking if concurrent work slows down inference",
    "results": {
      "light_concurrent": {
        "median_time_ms": 89.44471599534154,
        "baseline_time_ms": 75.4396547563374,
        "slowdown_ms": 14.005061239004135,
        "slowdown_percent": 18.564588192031223,
        "statistically_significant": true,
        "gpu_utilization": {
          "mean": 84.66666666666667,
          "p95": 98.0,
          "max": 98.0
        }
      },
      "heavy_concurrent": {
        "median_time_ms": 97.33588015660644,
        "baseline_time_ms": 75.4396547563374,
        "slowdown_ms": 21.89622540026903,
        "slowdown_percent": 29.02482185395952,
        "statistically_significant": true,
        "gpu_utilization": {
          "mean": 97.14285714285714,
          "p95": 99.0,
          "max": 99.0
        }
      }
    }
  },
  "verdict": {
    "fp_forensics_detects_parallel_work": true,
    "timing_forensics_detects_parallel_work": true,
    "summary": "BOTH_FP_AND_TIMING_WORK",
    "interpretation": [
      "FP forensics detects parallel workloads",
      "Timing forensics confirms with measurable slowdown",
      "Dual verification provides robust detection",
      "FP alone is sufficient - provides strong signal",
      "No need for timing if FP verification is in place"
    ],
    "fp_signal_strength": {
      "light_max_l2": 653.5827026367188,
      "heavy_max_l2": 508.034423828125
    },
    "timing_impact": {
      "light_slowdown_pct": 18.564588192031223,
      "heavy_slowdown_pct": 29.02482185395952
    }
  }
}