{
  "experiment": "vllm_logprobs_test",
  "timestamp": "2025-11-09T20:45:10.919198",
  "config": {
    "model": "Qwen/Qwen2.5-7B-Instruct",
    "tensor_parallel": 4,
    "max_tokens": 20,
    "repetitions": 5,
    "temperature": 0.0,
    "seed": 42,
    "warmup_enabled": true,
    "prefix_caching_disabled": true,
    "top_logprobs": 10
  },
  "results": {
    "tokens_identical": true,
    "logprobs_exact": true,
    "distributions_exact": true,
    "perfect_reproducibility": true
  },
  "token_sequences": [
    [
      4354,
      11,
      279,
      4401,
      315,
      1493,
      4119,
      702,
      1083,
      9226,
      30208,
      715,
      443,
      28544,
      82,
      11,
      7945,
      304,
      279,
      5671
    ],
    [
      4354,
      11,
      279,
      4401,
      315,
      1493,
      4119,
      702,
      1083,
      9226,
      30208,
      715,
      443,
      28544,
      82,
      11,
      7945,
      304,
      279,
      5671
    ],
    [
      4354,
      11,
      279,
      4401,
      315,
      1493,
      4119,
      702,
      1083,
      9226,
      30208,
      715,
      443,
      28544,
      82,
      11,
      7945,
      304,
      279,
      5671
    ],
    [
      4354,
      11,
      279,
      4401,
      315,
      1493,
      4119,
      702,
      1083,
      9226,
      30208,
      715,
      443,
      28544,
      82,
      11,
      7945,
      304,
      279,
      5671
    ],
    [
      4354,
      11,
      279,
      4401,
      315,
      1493,
      4119,
      702,
      1083,
      9226,
      30208,
      715,
      443,
      28544,
      82,
      11,
      7945,
      304,
      279,
      5671
    ]
  ],
  "logprobs_vectors": [
    [
      -1.100340723991394,
      -3.540453326422721e-05,
      -1.584916591644287,
      -2.5503504276275635,
      -0.4370494782924652,
      -0.4590517282485962,
      -0.07499318569898605,
      -0.43076032400131226,
      -0.49514272809028625,
      -0.5648388862609863,
      -1.4902920722961426,
      -0.3930785357952118,
      -0.15391559898853302,
      -8.11782301752828e-05,
      -3.111314072157256e-05,
      -0.45545122027397156,
      -0.290755033493042,
      -1.1983938217163086,
      -1.1009019613265991,
      -0.8535889983177185
    ],
    [
      -1.100340723991394,
      -3.540453326422721e-05,
      -1.584916591644287,
      -2.5503504276275635,
      -0.4370494782924652,
      -0.4590517282485962,
      -0.07499318569898605,
      -0.43076032400131226,
      -0.49514272809028625,
      -0.5648388862609863,
      -1.4902920722961426,
      -0.3930785357952118,
      -0.15391559898853302,
      -8.11782301752828e-05,
      -3.111314072157256e-05,
      -0.45545122027397156,
      -0.290755033493042,
      -1.1983938217163086,
      -1.1009019613265991,
      -0.8535889983177185
    ],
    [
      -1.100340723991394,
      -3.540453326422721e-05,
      -1.584916591644287,
      -2.5503504276275635,
      -0.4370494782924652,
      -0.4590517282485962,
      -0.07499318569898605,
      -0.43076032400131226,
      -0.49514272809028625,
      -0.5648388862609863,
      -1.4902920722961426,
      -0.3930785357952118,
      -0.15391559898853302,
      -8.11782301752828e-05,
      -3.111314072157256e-05,
      -0.45545122027397156,
      -0.290755033493042,
      -1.1983938217163086,
      -1.1009019613265991,
      -0.8535889983177185
    ],
    [
      -1.100340723991394,
      -3.540453326422721e-05,
      -1.584916591644287,
      -2.5503504276275635,
      -0.4370494782924652,
      -0.4590517282485962,
      -0.07499318569898605,
      -0.43076032400131226,
      -0.49514272809028625,
      -0.5648388862609863,
      -1.4902920722961426,
      -0.3930785357952118,
      -0.15391559898853302,
      -8.11782301752828e-05,
      -3.111314072157256e-05,
      -0.45545122027397156,
      -0.290755033493042,
      -1.1983938217163086,
      -1.1009019613265991,
      -0.8535889983177185
    ],
    [
      -1.100340723991394,
      -3.540453326422721e-05,
      -1.584916591644287,
      -2.5503504276275635,
      -0.4370494782924652,
      -0.4590517282485962,
      -0.07499318569898605,
      -0.43076032400131226,
      -0.49514272809028625,
      -0.5648388862609863,
      -1.4902920722961426,
      -0.3930785357952118,
      -0.15391559898853302,
      -8.11782301752828e-05,
      -3.111314072157256e-05,
      -0.45545122027397156,
      -0.290755033493042,
      -1.1983938217163086,
      -1.1009019613265991,
      -0.8535889983177185
    ]
  ],
  "generated_texts": [
    " However, the development of these models has also raised ethical \nconcerns, particularly in the areas",
    " However, the development of these models has also raised ethical \nconcerns, particularly in the areas",
    " However, the development of these models has also raised ethical \nconcerns, particularly in the areas",
    " However, the development of these models has also raised ethical \nconcerns, particularly in the areas",
    " However, the development of these models has also raised ethical \nconcerns, particularly in the areas"
  ],
  "note": "Top-k distributions not saved to JSON (too large), check bit-exact flag above"
}